domain,url,filename
google.com,https://www.google.com/,html/001_index.html
youtube.com,https://www.youtube.com/,html/002_index.html
tmall.com,https://www.tmall.com/,html/003_index.html
qq.com,https://www.qq.com?fromdefault,html/004_index.html
facebook.com,https://www.facebook.com/,html/005_index.html
taobao.com,https://www.taobao.com/,html/006_index.html
wikipedia.org,https://www.wikipedia.org/,html/007_index.html
yahoo.com,https://www.yahoo.com/,html/008_index.html
weibo.com,https://www.weibo.com/,html/009_index.html
zoom.us,https://zoom.us/,html/010_index.html
netflix.com,https://www.netflix.com/,html/011_index.html
live.com,https://outlook.live.com/owa/,html/012_index.html
vk.com,https://m.vk.com/,html/013_index.html
okezone.com,https://www.okezone.com/,html/014_index.html
blogspot.com,https://www.blogger.com/,html/015_index.html
office.com,https://www.office.com/,html/017_index.html
csdn.net,https://www.csdn.net/,html/018_index.html
yahoo.co.jp,https://www.yahoo.co.jp/,html/019_index.html
instagram.com,https://www.instagram.com/,html/020_index.html
twitch.tv,https://www.twitch.tv/,html/021_index.html
tribunnews.com,https://www.tribunnews.com,html/022_index.html
google.com.hk,https://www.google.com.hk/,html/023_index.html
panda.tv,https://panda.tv/,html/024_index.html
bing.com,https://www.bing.com:443/?toWww=1&redig=F52E2ACE7FCC4849A9EFB8E0CFECC2DE,html/025_index.html
aliexpress.com,https://www.aliexpress.com/,html/026_index.html
amazon.co.jp,https://www.amazon.co.jp/,html/027_index.html
stackoverflow.com,https://stackoverflow.com/,html/028_index.html
livejasmin.com,https://www.livejasmin.com/en/girls/,html/029_index.html
google.co.in,https://www.google.co.in/,html/030_index.html
ebay.com,https://www.ebay.com/,html/031_index.html
apple.com,https://www.apple.com/,html/033_index.html
babytree.com,https://babytree.com/,html/034_index.html
adobe.com,https://www.adobe.com/,html/035_index.html
twitter.com,https://twitter.com/,html/036_index.html
ok.ru,https://ok.ru/,html/037_index.html
aparat.com,https://www.aparat.com/,html/038_index.html
imdb.com,https://www.imdb.com/,html/039_index.html
msn.com,https://www.msn.com/,html/040_index.html
wordpress.com,https://wordpress.com/,html/041_index.html
mail.ru,https://mail.ru/,html/042_index.html
yandex.ru,https://yandex.ru/,html/043_index.html
huanqiu.com,https://www.huanqiu.com/,html/044_index.html
google.com.br,https://www.google.com.br/,html/045_index.html
google.co.jp,https://www.google.co.jp/,html/046_index.html
dropbox.com,https://www.dropbox.com/,html/047_index.html
imgur.com,https://imgur.com/,html/048_index.html
whatsapp.com,https://www.whatsapp.com/,html/049_index.html
linkedin.com,https://www.linkedin.com/,html/050_index.html
slack.com,https://slack.com/intl/en-kr/,html/051_index.html
grid.id,https://www.grid.id:443/,html/052_index.html
kompas.com,https://www.kompas.com/,html/053_index.html
udemy.com,https://www.udemy.com/,html/054_index.html
adblockplus.org,https://adblockplus.org/,html/055_index.html
spotify.com,https://www.spotify.com/,html/056_index.html
cnn.com,https://www.cnn.com/,html/057_index.html
roblox.com,https://www.roblox.com/,html/058_index.html
detik.com,https://www.detik.com/,html/059_index.html
primevideo.com,https://www.primevideo.com/,html/060_index.html
google.de,https://www.google.de/,html/061_index.html
bbc.com,https://www.bbc.com/,html/062_index.html
fandom.com,https://www.fandom.com/,html/063_index.html
freepik.com,https://www.freepik.com/,html/064_index.html
yao.tmall.com,https://yao.tmall.com/,html/065_index.html
amazon.de,https://www.amazon.de/,html/066_index.html
amazon.in,https://www.amazon.in/,html/067_index.html
nytimes.com,https://www.nytimes.com/,html/068_index.html
pixnet.net,https://www.pixnet.net/,html/069_index.html
google.ru,https://www.google.ru/,html/070_index.html
alibaba.com,https://www.alibaba.com/,html/071_index.html
google.es,https://www.google.es/,html/072_index.html
google.fr,https://www.google.fr/,html/073_index.html
github.com,https://github.com/,html/074_index.html
paypal.com,https://www.paypal.com/,html/075_index.html
amazon.co.uk,https://www.amazon.co.uk/,html/076_index.html
stackexchange.com,https://stackexchange.com/,html/077_index.html
google.it,https://www.google.it/,html/078_index.html
bbc.co.uk,https://www.bbc.co.uk/,html/079_index.html
zoho.com,https://www.zoho.com/,html/080_index.html
theguardian.com,https://www.theguardian.com/,html/081_index.html
etsy.com,https://www.etsy.com/,html/082_index.html
1688.com,https://www.1688.com/,html/083_index.html
onlinesbi.com,https://onlinesbi.com/,html/084_index.html
walmart.com,https://www.walmart.com/,html/085_index.html
nih.gov,https://www.nih.gov/,html/086_index.html
xhamster.com,https://xhamster11.com,html/087_index.html
uol.com.br,https://www.uol.com.br/,html/088_index.html
6.cn,https://www.6.cn,html/089_index.html
mediafire.com,https://www.mediafire.com/,html/090_index.html
tumblr.com,https://www.tumblr.com/,html/091_index.html
savefrom.net,https://en.savefrom.net/,html/092_index.html
so.com,https://www.so.com/,html/093_index.html
researchgate.net,https://www.researchgate.net/,html/094_index.html
digikala.com,https://www.digikala.com/,html/095_index.html
shutterstock.com,https://www.shutterstock.com:443/,html/096_index.html
speedtest.net,https://www.speedtest.net/,html/097_index.html
grammarly.com,https://www.grammarly.com/,html/098_index.html
google.com.sg,https://www.google.com.sg/,html/099_index.html
slideshare.net,https://www.slideshare.net/,html/100_index.html
cnet.com,https://www.cnet.com/,html/101_index.html
suara.com,https://suara.com/,html/102_index.html
iqoption.com,https://iqoption.com/,html/103_index.html
google.com.tr,https://www.google.com.tr/,html/104_index.html
archive.org,https://archive.org/,html/105_index.html
vimeo.com,https://vimeo.com/,html/106_index.html
google.com.mx,https://www.google.com.mx/,html/107_index.html
tradingview.com,https://www.tradingview.com/,html/108_index.html
google.co.uk,https://www.google.co.uk/,html/109_index.html
wetransfer.com,https://wetransfer.com/,html/110_index.html
pinterest.com,https://www.pinterest.com/,html/111_index.html
mercadolivre.com.br,https://www.mercadolivre.com.br/,html/112_index.html
google.com.tw,https://www.google.com.tw/,html/113_index.html
wix.com,https://www.wix.com/,html/114_index.html
chase.com,https://www.chase.com/,html/115_index.html
sindonews.com,https://www.sindonews.com/,html/116_index.html
wikihow.com,https://www.wikihow.com/,html/117_index.html
merdeka.com,https://www.merdeka.com/,html/118_index.html
scol.com.cn,https://scol.com.cn/,html/119_index.html
bukalapak.com,https://www.bukalapak.com/,html/120_index.html
wellsfargo.com,https://www.wellsfargo.com/,html/121_index.html
avito.ru,https://www.avito.ru/,html/122_index.html
skype.com,https://www.skype.com/,html/123_index.html
cnblogs.com,https://www.cnblogs.com/,html/124_index.html
zillow.com,https://www.zillow.com/,html/125_index.html
w3schools.com,https://www.w3schools.com/,html/126_index.html
atlassian.net,https://www.atlassian.com/software,html/127_index.html
irs.gov,https://www.irs.gov/,html/128_index.html
subject.tmall.com,https://login.taobao.com/jump?target=https%3A%2F%2Fsubject.tmall.com%2F%3Ftbpm%3D1,html/129_index.html
manoramaonline.com,https://www.manoramaonline.com/,html/130_index.html
duckduckgo.com,https://duckduckgo.com/,html/131_index.html
forbes.com,https://www.forbes.com/,html/132_index.html
get-express-vpn.com,https://www.get-express-vpn.com/,html/133_index.html
google.com.sa,https://www.google.com.sa/,html/134_index.html
dailymotion.com,https://www.dailymotion.com/,html/135_index.html
coursera.org,https://www.coursera.org/,html/136_index.html
craigslist.org,https://www.craigslist.org/,html/137_index.html
brilio.net,https://www.brilio.net/,html/138_index.html
eastday.com,https://eastday.com/,html/139_index.html
google.com.eg,https://www.google.com.eg/,html/140_index.html
t.co,https://t.co/,html/141_index.html
businessinsider.com,https://www.businessinsider.com/,html/142_index.html
godaddy.com,https://www.godaddy.com/,html/143_index.html
line.me,https://line.me/en/,html/144_index.html
telegram.org,https://telegram.org/,html/145_index.html
patria.org.ve,https://www.patria.org.ve/login,html/146_index.html
setn.com,https://www.setn.com/,html/147_index.html
kumparan.com,https://kumparan.com/,html/148_index.html
steamcommunity.com,https://steamcommunity.com/,html/149_index.html
blogger.com,https://www.blogger.com/,html/150_index.html
google.ca,https://www.google.ca/,html/151_index.html
ask.com,https://www.ask.com/,html/152_index.html
itnuzleafan.com,https://itnuzleafan.com/,html/153_index.html
salesforce.com,https://www.salesforce.com/,html/154_index.html
ebay.de,https://www.ebay.de/,html/155_index.html
gamepedia.com,https://www.gamepedia.com/,html/156_index.html
itpatratr.com,https://itpatratr.com/,html/157_index.html
indeed.com,https://www.indeed.com/,html/158_index.html
webex.com,https://www.webex.com/,html/159_index.html
kinopoisk.ru,https://www.kinopoisk.ru/,html/160_index.html
lazada.sg,https://www.lazada.sg/,html/161_index.html
patch.com,https://patch.com/,html/162_index.html
softonic.com,https://www.softonic.com/,html/163_index.html
google.com.ar,https://www.google.com.ar/,html/164_index.html
zhihu.com,https://www.zhihu.com/,html/165_index.html
google.co.th,https://www.google.co.th/,html/166_index.html
googlevideo.com,https://www.google.com/,html/167_index.html
redd.it,https://www.reddit.com/,html/168_index.html
quora.com,https://www.quora.com/,html/169_index.html
flipkart.com,https://www.flipkart.com/,html/170_index.html
messenger.com,https://www.messenger.com/,html/171_index.html
academia.edu,https://www.academia.edu/,html/172_index.html
espn.com,https://www.espn.com/,html/173_index.html
scribd.com,https://www.scribd.com/,html/174_index.html
google.co.id,https://www.google.co.id/,html/175_index.html
cnbc.com,https://www.cnbc.com,html/176_index.html
behance.net,https://www.behance.net/,html/177_index.html
telewebion.com,https://www.telewebion.com/,html/178_index.html
ups.com,https://www.ups.com/,html/179_index.html
weebly.com,https://www.weebly.com/,html/180_index.html
wikimedia.org,https://www.wikimedia.org/,html/181_index.html
booking.com,https://www.booking.com/,html/182_index.html
dailymail.co.uk,https://www.dailymail.co.uk/home/index.html,html/183_index.html
ca.gov,https://www.ca.gov/,html/184_index.html
deepl.com,https://www.deepl.com/,html/185_index.html
thesaurus.com,https://www.thesaurus.com/,html/186_index.html
amazon.es,https://www.amazon.es/,html/187_index.html
z3dmbpl6309s.com,https://google.com,html/188_index.html
force.com,https://www.salesforce.com/products/platform/products/force/?d=70130000000f27V&internal=true,html/189_index.html
target.com,https://www.target.com,html/190_index.html
v3qdrfxuyzwb.com,https://google.com,html/191_index.html
ebay-kleinanzeigen.de,https://www.ebay-kleinanzeigen.de/,html/192_index.html
goodreads.com,https://www.goodreads.com/,html/193_index.html
foxnews.com,https://www.foxnews.com/,html/194_index.html
fc2.com,https://fc2.com/,html/195_index.html
google.pl,https://www.google.pl/,html/196_index.html
amazon.it,https://www.amazon.it/,html/197_index.html
aminoapps.com,https://aminoapps.com/,html/198_index.html
icicibank.com,https://www.icicibank.com/,html/199_index.html
beytoote.com,https://beytoote.com/,html/200_index.html
abs-cbn.com,https://www.abs-cbn.com/,html/201_index.html
patreon.com,https://www.patreon.com:443/,html/202_index.html
allegro.pl,https://allegro.pl/,html/203_index.html
bet9ja.com,https://bet9ja.com/,html/204_index.html
heavy.com,https://heavy.com/,html/205_index.html
r6ztccbkdrbi.com,https://google.com,html/206_index.html
gosuslugi.ru,https://www.gosuslugi.ru/,html/207_index.html
marketwatch.com,https://www.marketwatch.com/,html/208_index.html
amazon.fr,https://www.amazon.fr/,html/209_index.html
wildberries.ru,https://www.wildberries.ru/,html/210_index.html
disneyplus.com,https://www.disneyplus.com/,html/211_index.html
hootsuite.com,https://hootsuite.com/,html/212_index.html
arcgis.com,https://www.arcgis.com/,html/213_index.html
investopedia.com,https://www.investopedia.com/,html/214_index.html
mercadolibre.com.ar,https://www.mercadolibre.com.ar/,html/215_index.html
bloomberg.com,https://www.bloomberg.com/,html/216_index.html
geeksforgeeks.org,https://www.geeksforgeeks.org/,html/217_index.html
ninisite.com,https://www.ninisite.com/,html/218_index.html
9gag.com,https://9gag.com/,html/219_index.html
gfycat.com,https://gfycat.com/,html/220_index.html
rambler.ru,https://www.rambler.ru/,html/221_index.html
gmw.cn,https://gmw.cn/,html/222_index.html
box.com,https://account.box.com/login,html/223_index.html
zippyshare.com,https://zippyshare.com/,html/224_index.html
khanacademy.org,https://www.khanacademy.org/,html/225_index.html
nta1vb6cdlrl.com,https://google.com,html/226_index.html
metropoles.com,https://www.metropoles.com/,html/227_index.html
pinimg.com,https://www.pinterest.com/,html/228_index.html
filimo.com,https://www.filimo.com/,html/229_index.html
indiatoday.in,https://www.indiatoday.in/,html/230_index.html
freelancer.com,https://www.freelancer.com/,html/231_index.html
cnnic.cn,https://cnnic.cn/,html/232_index.html
canada.ca,https://www.canada.ca/,html/233_index.html
mercadolibre.com.mx,https://www.mercadolibre.com.mx/,html/234_index.html
cjf25jklrwqt.com,https://google.com,html/235_index.html
duolingo.com,https://www.duolingo.com/,html/236_index.html
trello.com,https://trello.com/,html/237_index.html
google.gr,https://www.google.gr/,html/238_index.html
moneycontrol.com,https://www.moneycontrol.com/,html/239_index.html
rt.com,https://www.rt.com/,html/240_index.html
td.com,https://www.td.com/,html/241_index.html
zendesk.com,https://www.zendesk.com/,html/242_index.html
fast.com,https://fast.com/,html/243_index.html
cnbcindonesia.com,https://cnbcindonesia.com/,html/244_index.html
qoo10.sg,https://www.qoo10.sg/,html/245_index.html
nike.com,https://www.nike.com/,html/246_index.html
pulzo.com,https://www.pulzo.com,html/247_index.html
uptodown.com,https://www.uptodown.com/,html/248_index.html
doubleclick.net,https://marketingplatform.google.com/about/enterprise/,html/249_index.html
mathrubhumi.com,https://www.mathrubhumi.com/,html/250_index.html
wayfair.com,https://www.wayfair.com/,html/251_index.html
fiverr.com,https://www.fiverr.com/,html/252_index.html
xfinity.com,https://www.xfinity.com/,html/253_index.html
ebay.co.uk,https://www.ebay.co.uk/,html/254_index.html
mit.edu,https://web.mit.edu/,html/255_index.html
divar.ir,https://divar.ir/,html/256_index.html
dbs.com.sg,https://www.dbs.com.sg/,html/257_index.html
myna.go.jp,https://myna.go.jp/SCK0101_01_001/SCK0101_01_001_InitDiscsys.form,html/258_index.html
haofang.net,https://www.haofang.net,html/259_index.html
reuters.com,https://www.reuters.com/,html/260_index.html
livejournal.com,https://www.livejournal.com/,html/261_index.html
eksisozluk.com,https://eksisozluk.com/,html/262_index.html
cnnindonesia.com,https://www.cnnindonesia.com/,html/263_index.html
google.co.kr,https://www.google.co.kr/,html/264_index.html
google.com.au,https://www.google.com.au/,html/265_index.html
nikkei.com,https://www.nikkei.com/,html/266_index.html
gds.it,https://gds.it/,html/267_index.html
aol.com,https://www.aol.com/,html/268_index.html
kakaku.com,https://kakaku.com/,html/269_index.html
gmx.net,https://www.gmx.net/,html/270_index.html
edmodo.com,https://www.edmodo.com/,html/271_index.html
cdc.gov,https://www.cdc.gov/,html/272_index.html
kapanlagi.com,https://www.kapanlagi.com/,html/273_index.html
ebc.net.tw,https://ebc.net.tw/,html/274_index.html
squarespace.com,https://www.squarespace.com/,html/275_index.html
biobiochile.cl,https://www.biobiochile.cl/,html/276_index.html
epicgames.com,https://www.epicgames.com:443/,html/277_index.html
namasha.com,https://www.namasha.com/,html/278_index.html
citi.com,https://online.citi.com/US/login.do,html/280_index.html
dell.com,https://www.dell.com/,html/281_index.html
issuu.com,https://issuu.com/,html/282_index.html
herokuapp.com,https://heroku.com/,html/283_index.html
sourceforge.net,https://sourceforge.net/,html/284_index.html
gotomeeting.com,https://www.gotomeeting.com/,html/285_index.html
312168.com,https://www.312168.com/,html/286_index.html
onet.pl,https://www.onet.pl/,html/287_index.html
giphy.com,https://giphy.com/,html/288_index.html
mbc.net,https://www.mbc.net/,html/289_index.html
loom.com,https://www.loom.com/,html/290_index.html
google.com.vn,https://www.google.com.vn/,html/291_index.html
wish.com,https://www.wish.com/,html/292_index.html
norton.com,https://www.norton.com/,html/293_index.html
ecosia.org,https://www.ecosia.org/,html/294_index.html
ameritrade.com,https://www.tdameritrade.com/home.page,html/295_index.html
prezi.com,https://prezi.com/,html/296_index.html
buzzfeed.com,https://www.buzzfeed.com/,html/297_index.html
kakao.com,https://www.kakao.com/,html/298_index.html
infobae.com,https://infobae.com/america/,html/299_index.html
ouedkniss.com,https://www.ouedkniss.com/,html/300_index.html
theepochtimes.com,https://www.theepochtimes.com/,html/301_index.html
orange.fr,https://www.orange.fr/,html/302_index.html
google.com.ua,https://www.google.com.ua/,html/303_index.html
google.co.ve,https://www.google.co.ve/,html/304_index.html
mos.ru,https://www.mos.ru/,html/305_index.html
oracle.com,https://www.oracle.com/,html/306_index.html
indiamart.com,https://www.indiamart.com/,html/307_index.html
mega.nz,https://mega.nz/,html/308_index.html
surveymonkey.com,https://www.surveymonkey.com/,html/309_index.html
gotowebinar.com,https://www.gotowebinar.com/,html/310_index.html
ebay.com.au,https://www.ebay.com.au/,html/311_index.html
rutracker.org,https://rutracker.org/forum/index.php,html/312_index.html
list-manage.com,https://mailchimp.com/about/mcsv-static,html/313_index.html
amazon.com.br,https://www.amazon.com.br/,html/314_index.html
crunchyroll.com,https://www.crunchyroll.com/,html/315_index.html
wondershare.com,https://www.wondershare.com/,html/316_index.html
ameblo.jp,https://ameblo.jp/,html/317_index.html
realtor.com,https://www.realtor.com/,html/318_index.html
pojoksatu.id,https://pojoksatu.id/,html/319_index.html
hostgator.com,https://www.hostgator.com/,html/320_index.html
rbc.ru,https://www.rbc.ru/,html/321_index.html
gsmarena.com,https://www.gsmarena.com/,html/322_index.html
kickstarter.com,https://www.kickstarter.com/,html/324_index.html
typeform.com,https://www.typeform.com/,html/325_index.html
impress.co.jp,https://impress.co.jp/,html/326_index.html
souq.com,https://www.souq.com/,html/327_index.html
taboola.com,https://www.taboola.com/,html/328_index.html
pchome.com.tw,https://www.pchome.com.tw/,html/329_index.html
ultimate-guitar.com,https://www.ultimate-guitar.com/,html/330_index.html
newstracklive.com,https://www.newstracklive.com/,html/331_index.html
ccleaner.com,https://www.ccleaner.com/,html/332_index.html
elcomercio.com,https://www.elcomercio.com/,html/333_index.html
shopee.tw,https://shopee.tw/,html/334_index.html
ywart.com,https://www.ywart.com,html/335_index.html
britannica.com,https://www.britannica.com/,html/336_index.html
nypost.com,https://nypost.com/,html/337_index.html
google.com.pe,https://www.google.com.pe/,html/338_index.html
ytmp3.cc,https://ytmp3.cc/en13/,html/339_index.html
chinadaily.com.cn,https://chinadaily.com.cn/,html/340_index.html
wordpress.org,https://wordpress.org/,html/341_index.html
google.az,https://www.google.az/,html/342_index.html
google.dz,https://www.google.dz/,html/343_index.html
tutorialspoint.com,https://www.tutorialspoint.com/,html/344_index.html
kompasiana.com,https://www.kompasiana.com/,html/345_index.html
newegg.com,https://www.newegg.com/,html/346_index.html
mozilla.org,https://www.mozilla.org/,html/347_index.html
google.com.pk,https://www.google.com.pk/,html/348_index.html
shopee.co.id,https://shopee.co.id/,html/349_index.html
varzesh3.com,https://www.varzesh3.com/,html/350_index.html
files.wordpress.com,https://wordpress.com/,html/351_index.html
notion.so,https://www.notion.so/,html/352_index.html
lenta.ru,https://lenta.ru/,html/353_index.html
istockphoto.com,https://www.istockphoto.com/,html/354_index.html
google.com.co,https://www.google.com.co/,html/355_index.html
vnexpress.net,https://vnexpress.net/,html/356_index.html
myworkday.com,https://community.workday.com/invalid-url,html/357_index.html
postlnk.com,https://postlnk.com/,html/358_index.html
emofid.com,https://emofid.com/,html/359_index.html
google.cl,https://www.google.cl/,html/360_index.html
folha.uol.com.br,https://www.folha.uol.com.br/,html/361_index.html
chip.de,https://www.chip.de/,html/362_index.html
livemint.com,https://www.livemint.com/,html/363_index.html
msi.com,https://www.msi.com//,html/364_index.html
web.de,https://web.de/,html/365_index.html
study.com,https://study.com/,html/366_index.html
olx.pl,https://www.olx.pl/,html/367_index.html
wt.tmall.com,https://login.taobao.com/jump?target=https%3A%2F%2Fwt.tmall.com%2F%3Ftbpm%3D1%26m%3Dgetipinfo,html/368_index.html
merriam-webster.com,https://www.merriam-webster.com/,html/369_index.html
techradar.com,https://www.techradar.com/,html/370_index.html
azure.com,https://azure.microsoft.com/,html/371_index.html
chron.com,https://www.chron.com/,html/372_index.html
wp.pl,https://www.wp.pl/,html/373_index.html
intuit.com,https://www.intuit.com/,html/374_index.html
discogs.com,https://www.discogs.com/,html/375_index.html
17track.net,https://www.17track.net/,html/376_index.html
gridoto.com,https://www.gridoto.com:443/,html/377_index.html
harvard.edu,https://www.harvard.edu/,html/378_index.html
airbnb.com,https://www.airbnb.com/,html/379_index.html
digitaltrends.com,https://www.digitaltrends.com/,html/380_index.html
shopify.com,https://www.shopify.com/,html/381_index.html
ih5.cn,https://www.ih5.cn/not-logged-in,html/382_index.html
seznam.cz,https://www.seznam.cz/,html/383_index.html
online-convert.com,https://www.online-convert.com/,html/384_index.html
google.ro,https://www.google.ro/,html/385_index.html
capitalone.com,https://www.capitalone.com/,html/386_index.html
utorrent.com,https://www.utorrent.com/,html/387_index.html
infourok.ru,https://infourok.ru/,html/388_index.html
olx.ua,https://www.olx.ua/,html/389_index.html
fararu.com,https://fararu.com/,html/390_index.html
youku.com,https://youku.com/,html/391_index.html
npr.org,https://www.npr.org/,html/392_index.html
slickdeals.net,https://slickdeals.net/,html/393_index.html
goo.ne.jp,https://www.goo.ne.jp,html/394_index.html
argaam.com,https://www.argaam.com/,html/395_index.html
pngtree.com,https://pngtree.com/,html/396_index.html
ubisoft.com,https://www.ubisoft.com/,html/397_index.html
leagueoflegends.com,https://www.leagueoflegends.com/,html/398_index.html
abril.com.br,https://abril.com.br/,html/399_index.html
mobafire.com,https://www.mobafire.com/,html/400_index.html
popads.net,https://www.popads.net/,html/401_index.html
sportbible.com,https://www.sportbible.com/,html/402_index.html
europa.eu,https://europa.eu/,html/403_index.html
wiktionary.org,https://www.wiktionary.org/,html/404_index.html
evernote.com,https://evernote.com/,html/405_index.html
wp.com,https://wordpress.com/,html/406_index.html
myway.com,https://hp.myway.com/,html/407_index.html
dikaiologitika.gr,https://www.dikaiologitika.gr/,html/408_index.html
smm.cn,https://smm.cn/,html/409_index.html
actionz.net,https://actionz.net:81/,html/410_index.html
cookpad.com,https://cookpad.com/,html/411_index.html
mawdoo3.com,https://mawdoo3.com/,html/412_index.html
android.com,https://www.android.com/,html/413_index.html
qualtrics.com,https://www.qualtrics.com/,html/414_index.html
wegotthiscovered.com,https://wegotthiscovered.com/,html/415_index.html
soft98.ir,https://soft98.ir/,html/416_index.html
pixlr.com,https://pixlr.com/,html/417_index.html
quizizz.com,https://quizizz.com/,html/418_index.html
ampugi334f.com,https://google.com,html/419_index.html
sozcu.com.tr,https://www.sozcu.com.tr/,html/420_index.html
dnevnik.ru,https://dnevnik.ru/,html/421_index.html
google.be,https://www.google.be/,html/422_index.html
history.com,https://www.history.com/,html/423_index.html
free.fr,https://www.free.fr/freebox/index.html,html/424_index.html
ozon.ru,https://www.ozon.ru/,html/425_index.html
ofgogoatan.com,https://ofgogoatan.com/,html/426_index.html
etrade.com,https://us.etrade.com/home,html/427_index.html
hawaaworld.com,https://www.hawaaworld.com/,html/428_index.html
rokna.net,https://www.rokna.net/,html/429_index.html
reclameaqui.com.br,https://www.reclameaqui.com.br/,html/430_index.html
dw.com,https://www.dw.com/,html/431_index.html
dictionary.com,https://www.dictionary.com/,html/432_index.html
bitly.com,https://bitly.com/,html/433_index.html
redbubble.com,https://www.redbubble.com/,html/434_index.html
schwab.com,https://www.schwab.com/,html/435_index.html
att.com,https://www.att.com/,html/436_index.html
iyiou.com,https://www.iyiou.com/,html/437_index.html
google.co.za,https://www.google.co.za/,html/438_index.html
dalfak.com,https://www.dalfak.com/,html/439_index.html
shopee.com.my,https://shopee.com.my/,html/440_index.html
t-online.de,https://www.t-online.de/,html/441_index.html
sdownload.net,https://sdownload.net/,html/442_index.html
unsplash.com,https://unsplash.com/,html/443_index.html
tinder.com,https://tinder.com/,html/444_index.html
kaskus.co.id,https://www.kaskus.co.id/,html/445_index.html
y8.com,https://www.y8.com/,html/446_index.html
google.pt,https://www.google.pt/,html/447_index.html
creditkarma.com,https://www.creditkarma.com/,html/448_index.html
vidio.com,https://www.vidio.com,html/449_index.html
tejaratnews.com,https://tejaratnews.com/,html/450_index.html
udn.com,https://udn.com/,html/451_index.html
jpnn.com,https://www.jpnn.com/,html/452_index.html
friv.com,https://www.friv.com/,html/453_index.html
teacherspayteachers.com,https://www.teacherspayteachers.com/,html/454_index.html
tempo.co,https://www.tempo.co/,html/455_index.html
dafont.com,https://www.dafont.com/,html/456_index.html
interia.pl,https://www.interia.pl/,html/457_index.html
linktr.ee,https://linktr.ee/,html/458_index.html
kahoot.it,https://kahoot.it/,html/459_index.html
xe.com,https://www.xe.com:443/,html/460_index.html
feedly.com,https://feedly.com/,html/461_index.html
abc.net.au,https://www.abc.net.au/,html/462_index.html
nbcnews.com,https://www.nbcnews.com,html/463_index.html
jhu.edu,https://www.jhu.edu/,html/464_index.html
activehosted.com,https://activehosted.com/,html/465_index.html
biblegateway.com,https://www.biblegateway.com/,html/466_index.html
myanimelist.net,https://myanimelist.net/,html/467_index.html
google.nl,https://www.google.nl/,html/468_index.html
nvidia.com,https://www.nvidia.com/,html/469_index.html
marca.com,https://www.marca.com/,html/470_index.html
rottentomatoes.com,https://www.rottentomatoes.com/,html/471_index.html
thefreedictionary.com,https://www.thefreedictionary.com,html/472_index.html
as.com,https://as.com/,html/473_index.html
legit.ng,https://www.legit.ng/,html/474_index.html
eenadu.net,https://www.eenadu.net/,html/475_index.html
onlyfans.com,https://onlyfans.com/,html/476_index.html
turkiye.gov.tr,https://turkiye.gov.tr/,html/477_index.html
chinachugui.com,https://www.chinachugui.com/,html/478_index.html
studfile.net,https://studfile.net/,html/479_index.html
addthis.com,https://www.addthis.com/,html/480_index.html
cnki.net,https://cnki.net/,html/481_index.html
trontv.com,https://trontv.com/,html/482_index.html
pikiran-rakyat.com,https://www.pikiran-rakyat.com:443/,html/483_index.html
libero.it,https://www.libero.it/,html/484_index.html
timeanddate.com,https://www.timeanddate.com/,html/485_index.html
superuser.com,https://superuser.com/,html/486_index.html
elmundo.es,https://www.elmundo.es/,html/487_index.html
fedex.com,https://www.fedex.com/,html/488_index.html
battle.net,https://www.blizzard.com/?ref=battle.net,html/489_index.html
yaklass.ru,https://www.yaklass.ru/,html/490_index.html
shopee.vn,https://shopee.vn/,html/491_index.html
tableau.com,https://www.tableau.com/,html/492_index.html
jstor.org,https://www.jstor.org/,html/493_index.html
taleo.net,https://taleo.net/,html/494_index.html
ibm.com,https://www.ibm.com/,html/495_index.html
ebay.it,https://www.ebay.it/,html/496_index.html
payu.in,https://payu.in/,html/497_index.html
104.com.tw,https://www.104.com.tw/,html/498_index.html
autodesk.com,https://www.autodesk.com/,html/499_index.html
gazeta.ru,https://www.gazeta.ru/,html/500_index.html
intel.com,https://www.intel.com/content/www/us/en/homepage.html,html/501_index.html
cnbeta.com,https://www.cnbeta.com/,html/502_index.html
google.com.my,https://www.google.com.my/,html/503_index.html
mxplayer.in,https://www.mxplayer.in/,html/504_index.html
aarth.net,https://aarth.net/,html/505_index.html
pelisplus.me,https://pelisplus.me/,html/506_index.html
printful.com,https://www.printful.com/,html/507_index.html
yenisafak.com,https://www.yenisafak.com/,html/508_index.html
chinafloor.cn,https://www.chinafloor.cn/,html/509_index.html
google.ch,https://www.google.ch/,html/510_index.html
viu.com,https://www.viu.com/,html/511_index.html
nasa.gov,https://www.nasa.gov/,html/512_index.html
depositphotos.com,https://depositphotos.com/,html/513_index.html
cisco.com,https://www.cisco.com/,html/514_index.html
zhcw.com,https://www.zhcw.com/,html/515_index.html
osskanger.com,https://osskanger.com/,html/516_index.html
motor1.com,https://www.motor1.com/,html/517_index.html
audible.com,https://www.audible.com/,html/518_index.html
gearbest.com,https://www.gearbest.com/,html/519_index.html
adoptapet.com,https://adoptapet.com/,html/520_index.html
lenovo.com,https://www.lenovo.com/,html/521_index.html
sci-hub.tw,https://sci-hub.tw/,html/522_index.html
ellitoral.com,https://ellitoral.com/,html/523_index.html
yumpu.com,https://www.yumpu.com/,html/524_index.html
mailchimp.com,https://mailchimp.com/,html/525_index.html
usbank.com,https://www.usbank.com/,html/526_index.html
pandora.com,https://www.pandora.com,html/527_index.html
shomanews.com,https://www.shomanews.com/,html/528_index.html
diariolibre.com,https://www.diariolibre.com/,html/529_index.html
flickr.com,https://flickr.com/,html/530_index.html
about.google,https://about.google/,html/531_index.html
nyaa.si,https://nyaa.si/,html/532_index.html
olymptrade.com,https://olymptrade.com/,html/533_index.html
manyvids.com,https://www.manyvids.com/,html/534_index.html
instacart.com,https://www.instacart.com/,html/535_index.html
toutiao.com,https://www.toutiao.com/,html/536_index.html
jizokuka-kyufu.jp,https://www.jizokuka-kyufu.jp/,html/537_index.html
allrecipes.com,https://www.allrecipes.com/,html/538_index.html
nexon.com,https://www.nexon.com,html/539_index.html
lifewire.com,https://www.lifewire.com/,html/540_index.html
