0, SEED_LT_TMP, 1588644979090
2, SEED_LT_CLIENT_BEFORE_TCP_CONNECT, 1588644978954
3, SEED_LT_CLIENT_AFTER_TCP_CONNECT, 1588644978955
4, SEED_LT_CLIENT_BEFORE_TLS_CONNECT, 1588644978955
5, SEED_LT_CLIENT_AFTER_TLS_CONNECT, 1588644979090
14, SEED_LT_CLIENT_START_CLIENT_HELLO, 1588644978955
15, SEED_LT_CLIENT_CONSTRUCT_CLIENT_HELLO, 1588644978955
16, SEED_LT_CLIENT_BEFORE_SEND_CLIENT_HELLO, 1588644978955
17, SEED_LT_CLIENT_AFTER_SEND_CLIENT_HELLO, 1588644978955
18, SEED_LT_CLIENT_BEFORE_POST_CLIENT_HELLO, 1588644978955
19, SEED_LT_CLIENT_FINISH_CLIENT_HELLO, 1588644978955
20, SEED_LT_CLIENT_START_SERVER_HELLO, 1588644979089
21, SEED_LT_CLIENT_RECV_SERVER_HELLO, 1588644979089
22, SEED_LT_CLIENT_BEFORE_PROCESS_SERVER_HELLO, 1588644979089
23, SEED_LT_CLIENT_AFTER_PROCESS_SERVER_HELLO, 1588644979090
44, SEED_LT_CLIENT_START_ENCRYPTED_EXTENSIONS, 1588644979090
45, SEED_LT_CLIENT_RECV_ENCRYPTED_EXTENSIONS, 1588644979090
46, SEED_LT_CLIENT_BEFORE_PROCESS_ENCRYPTED_EXTENSIONS, 1588644979090
47, SEED_LT_CLIENT_AFTER_PROCESS_ENCRYPTED_EXTENSIONS, 1588644979090
56, SEED_LT_CLIENT_START_READ_CERTIFICATE, 1588644979090
57, SEED_LT_CLIENT_RECV_READ_CERTIFICATE, 1588644979090
58, SEED_LT_CLIENT_BEFORE_PROCESS_READ_CERTIFICATE, 1588644979090
59, SEED_LT_CLIENT_AFTER_PROCESS_READ_CERTIFICATE, 1588644979090
86, SEED_LT_CLIENT_START_READ_CERTIFICATE_VERIFY, 1588644979090
87, SEED_LT_CLIENT_RECV_READ_CERTIFICATE_VERIFY, 1588644979090
88, SEED_LT_CLIENT_BEFORE_PROCESS_READ_CERTIFICATE_VERIFY, 1588644979090
89, SEED_LT_CLIENT_AFTER_PROCESS_READ_CERTIFICATE_VERIFY, 1588644979090
98, SEED_LT_CLIENT_START_CLIENT_FINISHED, 1588644979090
99, SEED_LT_CLIENT_CONSTRUCT_CLIENT_FINISHED, 1588644979090
100, SEED_LT_CLIENT_BEFORE_SEND_CLIENT_FINISHED, 1588644979090
101, SEED_LT_CLIENT_AFTER_SEND_CLIENT_FINISHED, 1588644979090
102, SEED_LT_CLIENT_BEFORE_POST_CLIENT_FINISHED, 1588644979090
103, SEED_LT_CLIENT_FINISH_CLIENT_FINISHED, 1588644979090
104, SEED_LT_CLIENT_START_SERVER_FINISHED, 1588644979090
105, SEED_LT_CLIENT_RECV_SERVER_FINISHED, 1588644979090
106, SEED_LT_CLIENT_BEFORE_PROCESS_SERVER_FINISHED, 1588644979090
107, SEED_LT_CLIENT_AFTER_PROCESS_SERVER_FINISHED, 1588644979090
158, SEED_LT_CLIENT_START_WRITE_CHANGE_CIPHER_SPEC, 1588644979090
159, SEED_LT_CLIENT_CONSTRUCT_WRITE_CHANGE_CIPHER_SPEC, 1588644979090
160, SEED_LT_CLIENT_BEFORE_SEND_WRITE_CHANGE_CIPHER_SPEC, 1588644979090
161, SEED_LT_CLIENT_AFTER_SEND_WRITE_CHANGE_CIPHER_SPEC, 1588644979090
162, SEED_LT_CLIENT_BEFORE_POST_WRITE_CHANGE_CIPHER_SPEC, 1588644979090
163, SEED_LT_CLIENT_FINISH_WRITE_CHANGE_CIPHER_SPEC, 1588644979090
