0, SEED_LT_TMP, 1588638136523
2, SEED_LT_CLIENT_BEFORE_TCP_CONNECT, 1588638136458
3, SEED_LT_CLIENT_AFTER_TCP_CONNECT, 1588638136507
4, SEED_LT_CLIENT_BEFORE_TLS_CONNECT, 1588638136507
5, SEED_LT_CLIENT_AFTER_TLS_CONNECT, 1588638136523
6, SEED_LT_CLIENT_FETCH_HTML_START, 1588638136523
7, SEED_LT_CLIENT_FETCH_HTML_END, 1588638136582
14, SEED_LT_CLIENT_START_CLIENT_HELLO, 1588638136507
15, SEED_LT_CLIENT_CONSTRUCT_CLIENT_HELLO, 1588638136507
16, SEED_LT_CLIENT_BEFORE_SEND_CLIENT_HELLO, 1588638136507
17, SEED_LT_CLIENT_AFTER_SEND_CLIENT_HELLO, 1588638136507
18, SEED_LT_CLIENT_BEFORE_POST_CLIENT_HELLO, 1588638136507
19, SEED_LT_CLIENT_FINISH_CLIENT_HELLO, 1588638136507
20, SEED_LT_CLIENT_START_SERVER_HELLO, 1588638136517
21, SEED_LT_CLIENT_RECV_SERVER_HELLO, 1588638136518
22, SEED_LT_CLIENT_BEFORE_PROCESS_SERVER_HELLO, 1588638136518
23, SEED_LT_CLIENT_AFTER_PROCESS_SERVER_HELLO, 1588638136518
32, SEED_LT_CLIENT_START_READ_NEWSESSION_TICKET, 1588638136522
33, SEED_LT_CLIENT_RECV_READ_NEWSESSION_TICKET, 1588638136522
34, SEED_LT_CLIENT_BEFORE_PROCESS_READ_NEWSESSION_TICKET, 1588638136522
35, SEED_LT_CLIENT_AFTER_PROCESS_READ_NEWSESSION_TICKET, 1588638136523
56, SEED_LT_CLIENT_START_READ_CERTIFICATE, 1588638136518
57, SEED_LT_CLIENT_RECV_READ_CERTIFICATE, 1588638136518
58, SEED_LT_CLIENT_BEFORE_PROCESS_READ_CERTIFICATE, 1588638136518
59, SEED_LT_CLIENT_AFTER_PROCESS_READ_CERTIFICATE, 1588638136518
62, SEED_LT_CLIENT_START_SERVER_KEY_EXCHANGE, 1588638136518
63, SEED_LT_CLIENT_RECV_SERVER_KEY_EXCHANGE, 1588638136518
64, SEED_LT_CLIENT_BEFORE_PROCESS_SERVER_KEY_EXCHANGE, 1588638136518
65, SEED_LT_CLIENT_AFTER_PROCESS_SERVER_KEY_EXCHANGE, 1588638136518
74, SEED_LT_CLIENT_START_SERVER_DONE, 1588638136518
75, SEED_LT_CLIENT_RECV_SERVER_DONE, 1588638136518
76, SEED_LT_CLIENT_BEFORE_PROCESS_SERVER_DONE, 1588638136518
77, SEED_LT_CLIENT_AFTER_PROCESS_SERVER_DONE, 1588638136518
92, SEED_LT_CLIENT_START_CLIENT_KEY_EXCHANGE, 1588638136518
93, SEED_LT_CLIENT_CONSTRUCT_CLIENT_KEY_EXCHANGE, 1588638136518
94, SEED_LT_CLIENT_BEFORE_SEND_CLIENT_KEY_EXCHANGE, 1588638136518
95, SEED_LT_CLIENT_AFTER_SEND_CLIENT_KEY_EXCHANGE, 1588638136518
96, SEED_LT_CLIENT_BEFORE_POST_CLIENT_KEY_EXCHANGE, 1588638136518
97, SEED_LT_CLIENT_FINISH_CLIENT_KEY_EXCHANGE, 1588638136518
98, SEED_LT_CLIENT_START_CLIENT_FINISHED, 1588638136518
99, SEED_LT_CLIENT_CONSTRUCT_CLIENT_FINISHED, 1588638136518
100, SEED_LT_CLIENT_BEFORE_SEND_CLIENT_FINISHED, 1588638136518
101, SEED_LT_CLIENT_AFTER_SEND_CLIENT_FINISHED, 1588638136518
102, SEED_LT_CLIENT_BEFORE_POST_CLIENT_FINISHED, 1588638136518
103, SEED_LT_CLIENT_FINISH_CLIENT_FINISHED, 1588638136518
104, SEED_LT_CLIENT_START_SERVER_FINISHED, 1588638136523
105, SEED_LT_CLIENT_RECV_SERVER_FINISHED, 1588638136523
106, SEED_LT_CLIENT_BEFORE_PROCESS_SERVER_FINISHED, 1588638136523
107, SEED_LT_CLIENT_AFTER_PROCESS_SERVER_FINISHED, 1588638136523
158, SEED_LT_CLIENT_START_WRITE_CHANGE_CIPHER_SPEC, 1588638136518
159, SEED_LT_CLIENT_CONSTRUCT_WRITE_CHANGE_CIPHER_SPEC, 1588638136518
160, SEED_LT_CLIENT_BEFORE_SEND_WRITE_CHANGE_CIPHER_SPEC, 1588638136518
161, SEED_LT_CLIENT_AFTER_SEND_WRITE_CHANGE_CIPHER_SPEC, 1588638136518
162, SEED_LT_CLIENT_BEFORE_POST_WRITE_CHANGE_CIPHER_SPEC, 1588638136518
163, SEED_LT_CLIENT_FINISH_WRITE_CHANGE_CIPHER_SPEC, 1588638136518
164, SEED_LT_CLIENT_START_READ_CHANGE_CIPHER_SPEC, 1588638136523
165, SEED_LT_CLIENT_RECV_READ_CHANGE_CIPHER_SPEC, 1588638136523
166, SEED_LT_CLIENT_BEFORE_PROCESS_READ_CHANGE_CIPHER_SPEC, 1588638136523
167, SEED_LT_CLIENT_AFTER_PROCESS_READ_CHANGE_CIPHER_SPEC, 1588638136523
