0, SEED_LT_TMP, 143
2, SEED_LT_CLIENT_BEFORE_TCP_CONNECT, 8
3, SEED_LT_CLIENT_AFTER_TCP_CONNECT, 8
4, SEED_LT_CLIENT_BEFORE_TLS_CONNECT, 8
5, SEED_LT_CLIENT_AFTER_TLS_CONNECT, 143
14, SEED_LT_CLIENT_START_CLIENT_HELLO, 8
15, SEED_LT_CLIENT_CONSTRUCT_CLIENT_HELLO, 8
16, SEED_LT_CLIENT_BEFORE_SEND_CLIENT_HELLO, 8
17, SEED_LT_CLIENT_AFTER_SEND_CLIENT_HELLO, 8
18, SEED_LT_CLIENT_BEFORE_POST_CLIENT_HELLO, 8
19, SEED_LT_CLIENT_FINISH_CLIENT_HELLO, 8
20, SEED_LT_CLIENT_START_SERVER_HELLO, 142
21, SEED_LT_CLIENT_RECV_SERVER_HELLO, 142
22, SEED_LT_CLIENT_BEFORE_PROCESS_SERVER_HELLO, 142
23, SEED_LT_CLIENT_AFTER_PROCESS_SERVER_HELLO, 142
44, SEED_LT_CLIENT_START_ENCRYPTED_EXTENSIONS, 142
45, SEED_LT_CLIENT_RECV_ENCRYPTED_EXTENSIONS, 142
46, SEED_LT_CLIENT_BEFORE_PROCESS_ENCRYPTED_EXTENSIONS, 142
47, SEED_LT_CLIENT_AFTER_PROCESS_ENCRYPTED_EXTENSIONS, 142
56, SEED_LT_CLIENT_START_READ_CERTIFICATE, 142
57, SEED_LT_CLIENT_RECV_READ_CERTIFICATE, 142
58, SEED_LT_CLIENT_BEFORE_PROCESS_READ_CERTIFICATE, 142
59, SEED_LT_CLIENT_AFTER_PROCESS_READ_CERTIFICATE, 142
86, SEED_LT_CLIENT_START_READ_CERTIFICATE_VERIFY, 142
87, SEED_LT_CLIENT_RECV_READ_CERTIFICATE_VERIFY, 142
88, SEED_LT_CLIENT_BEFORE_PROCESS_READ_CERTIFICATE_VERIFY, 142
89, SEED_LT_CLIENT_AFTER_PROCESS_READ_CERTIFICATE_VERIFY, 143
98, SEED_LT_CLIENT_START_CLIENT_FINISHED, 143
99, SEED_LT_CLIENT_CONSTRUCT_CLIENT_FINISHED, 143
100, SEED_LT_CLIENT_BEFORE_SEND_CLIENT_FINISHED, 143
101, SEED_LT_CLIENT_AFTER_SEND_CLIENT_FINISHED, 143
102, SEED_LT_CLIENT_BEFORE_POST_CLIENT_FINISHED, 143
103, SEED_LT_CLIENT_FINISH_CLIENT_FINISHED, 143
104, SEED_LT_CLIENT_START_SERVER_FINISHED, 143
105, SEED_LT_CLIENT_RECV_SERVER_FINISHED, 143
106, SEED_LT_CLIENT_BEFORE_PROCESS_SERVER_FINISHED, 143
107, SEED_LT_CLIENT_AFTER_PROCESS_SERVER_FINISHED, 143
158, SEED_LT_CLIENT_START_WRITE_CHANGE_CIPHER_SPEC, 143
159, SEED_LT_CLIENT_CONSTRUCT_WRITE_CHANGE_CIPHER_SPEC, 143
160, SEED_LT_CLIENT_BEFORE_SEND_WRITE_CHANGE_CIPHER_SPEC, 143
161, SEED_LT_CLIENT_AFTER_SEND_WRITE_CHANGE_CIPHER_SPEC, 143
162, SEED_LT_CLIENT_BEFORE_POST_WRITE_CHANGE_CIPHER_SPEC, 143
163, SEED_LT_CLIENT_FINISH_WRITE_CHANGE_CIPHER_SPEC, 143
