0, SEED_LT_TMP, 186
204, SEED_LT_SERVER_BEFORE_TLS_ACCEPT, 186
205, SEED_LT_SERVER_AFTER_TLS_ACCEPT, 187
214, SEED_LT_SERVER_START_CLIENT_HELLO, 184
215, SEED_LT_SERVER_RECV_CLIENT_HELLO, 184
216, SEED_LT_SERVER_BEFORE_PROCESS_CLIENT_HELLO, 184
217, SEED_LT_SERVER_AFTER_PROCESS_CLIENT_HELLO, 184
218, SEED_LT_SERVER_BEFORE_POST_CLIENT_HELLO, 184
219, SEED_LT_SERVER_FINISH_CLIENT_HELLO, 185
220, SEED_LT_SERVER_START_SERVER_HELLO, 185
221, SEED_LT_SERVER_CONSTRUCT_SERVER_HELLO, 185
222, SEED_LT_SERVER_BEFORE_SEND_SERVER_HELLO, 185
223, SEED_LT_SERVER_AFTER_SEND_SERVER_HELLO, 185
224, SEED_LT_SERVER_BEFORE_POST_SERVER_HELLO, 185
225, SEED_LT_SERVER_FINISH_SERVER_HELLO, 185
232, SEED_LT_SERVER_START_WRITE_NEWSESSION_TICKET, 186
233, SEED_LT_SERVER_CONSTRUCT_WRITE_NEWSESSION_TICKET, 186
234, SEED_LT_SERVER_BEFORE_SEND_WRITE_NEWSESSION_TICKET, 186
235, SEED_LT_SERVER_AFTER_SEND_WRITE_NEWSESSION_TICKET, 186
236, SEED_LT_SERVER_BEFORE_POST_WRITE_NEWSESSION_TICKET, 186
237, SEED_LT_SERVER_FINISH_WRITE_NEWSESSION_TICKET, 186
244, SEED_LT_SERVER_START_ENCRYPTED_EXTENSIONS, 185
245, SEED_LT_SERVER_CONSTRUCT_ENCRYPTED_EXTENSIONS, 185
246, SEED_LT_SERVER_BEFORE_SEND_ENCRYPTED_EXTENSIONS, 185
247, SEED_LT_SERVER_AFTER_SEND_ENCRYPTED_EXTENSIONS, 185
248, SEED_LT_SERVER_BEFORE_POST_ENCRYPTED_EXTENSIONS, 185
249, SEED_LT_SERVER_FINISH_ENCRYPTED_EXTENSIONS, 185
256, SEED_LT_SERVER_START_WRITE_CERTIFICATE, 185
257, SEED_LT_SERVER_CONSTRUCT_WRITE_CERTIFICATE, 185
258, SEED_LT_SERVER_BEFORE_SEND_WRITE_CERTIFICATE, 185
259, SEED_LT_SERVER_AFTER_SEND_WRITE_CERTIFICATE, 185
260, SEED_LT_SERVER_BEFORE_POST_WRITE_CERTIFICATE, 185
261, SEED_LT_SERVER_FINISH_WRITE_CERTIFICATE, 185
286, SEED_LT_SERVER_START_WRITE_CERTIFICATE_VERIFY, 185
287, SEED_LT_SERVER_CONSTRUCT_WRITE_CERTIFICATE_VERIFY, 185
288, SEED_LT_SERVER_BEFORE_SEND_WRITE_CERTIFICATE_VERIFY, 185
289, SEED_LT_SERVER_AFTER_SEND_WRITE_CERTIFICATE_VERIFY, 185
290, SEED_LT_SERVER_BEFORE_POST_WRITE_CERTIFICATE_VERIFY, 185
291, SEED_LT_SERVER_FINISH_WRITE_CERTIFICATE_VERIFY, 185
298, SEED_LT_SERVER_START_CLIENT_FINISHED, 186
299, SEED_LT_SERVER_RECV_CLIENT_FINISHED, 186
300, SEED_LT_SERVER_BEFORE_PROCESS_CLIENT_FINISHED, 186
301, SEED_LT_SERVER_AFTER_PROCESS_CLIENT_FINISHED, 186
304, SEED_LT_SERVER_START_SERVER_FINISHED, 185
305, SEED_LT_SERVER_CONSTRUCT_SERVER_FINISHED, 186
306, SEED_LT_SERVER_BEFORE_SEND_SERVER_FINISHED, 186
307, SEED_LT_SERVER_AFTER_SEND_SERVER_FINISHED, 186
308, SEED_LT_SERVER_BEFORE_POST_SERVER_FINISHED, 186
309, SEED_LT_SERVER_FINISH_SERVER_FINISHED, 186
358, SEED_LT_SERVER_START_WRITE_CHANGE_CIPHER_SPEC, 185
359, SEED_LT_SERVER_CONSTRUCT_WRITE_CHANGE_CIPHER_SPEC, 185
360, SEED_LT_SERVER_BEFORE_SEND_WRITE_CHANGE_CIPHER_SPEC, 185
361, SEED_LT_SERVER_AFTER_SEND_WRITE_CHANGE_CIPHER_SPEC, 185
362, SEED_LT_SERVER_BEFORE_POST_WRITE_CHANGE_CIPHER_SPEC, 185
363, SEED_LT_SERVER_FINISH_WRITE_CHANGE_CIPHER_SPEC, 185
