0, SEED_LT_TMP, 31
205, SEED_LT_SERVER_AFTER_TLS_ACCEPT, 31
214, SEED_LT_SERVER_START_CLIENT_HELLO, 30
215, SEED_LT_SERVER_RECV_CLIENT_HELLO, 30
216, SEED_LT_SERVER_BEFORE_PROCESS_CLIENT_HELLO, 30
217, SEED_LT_SERVER_AFTER_PROCESS_CLIENT_HELLO, 30
218, SEED_LT_SERVER_BEFORE_POST_CLIENT_HELLO, 30
219, SEED_LT_SERVER_FINISH_CLIENT_HELLO, 30
220, SEED_LT_SERVER_START_SERVER_HELLO, 30
221, SEED_LT_SERVER_CONSTRUCT_SERVER_HELLO, 30
222, SEED_LT_SERVER_BEFORE_SEND_SERVER_HELLO, 30
223, SEED_LT_SERVER_AFTER_SEND_SERVER_HELLO, 30
224, SEED_LT_SERVER_BEFORE_POST_SERVER_HELLO, 30
225, SEED_LT_SERVER_FINISH_SERVER_HELLO, 30
244, SEED_LT_SERVER_START_ENCRYPTED_EXTENSIONS, 30
245, SEED_LT_SERVER_CONSTRUCT_ENCRYPTED_EXTENSIONS, 30
246, SEED_LT_SERVER_BEFORE_SEND_ENCRYPTED_EXTENSIONS, 31
247, SEED_LT_SERVER_AFTER_SEND_ENCRYPTED_EXTENSIONS, 31
248, SEED_LT_SERVER_BEFORE_POST_ENCRYPTED_EXTENSIONS, 31
249, SEED_LT_SERVER_FINISH_ENCRYPTED_EXTENSIONS, 31
256, SEED_LT_SERVER_START_WRITE_CERTIFICATE, 31
257, SEED_LT_SERVER_CONSTRUCT_WRITE_CERTIFICATE, 31
258, SEED_LT_SERVER_BEFORE_SEND_WRITE_CERTIFICATE, 31
259, SEED_LT_SERVER_AFTER_SEND_WRITE_CERTIFICATE, 31
260, SEED_LT_SERVER_BEFORE_POST_WRITE_CERTIFICATE, 31
261, SEED_LT_SERVER_FINISH_WRITE_CERTIFICATE, 31
286, SEED_LT_SERVER_START_WRITE_CERTIFICATE_VERIFY, 31
287, SEED_LT_SERVER_CONSTRUCT_WRITE_CERTIFICATE_VERIFY, 31
288, SEED_LT_SERVER_BEFORE_SEND_WRITE_CERTIFICATE_VERIFY, 31
289, SEED_LT_SERVER_AFTER_SEND_WRITE_CERTIFICATE_VERIFY, 31
290, SEED_LT_SERVER_BEFORE_POST_WRITE_CERTIFICATE_VERIFY, 31
291, SEED_LT_SERVER_FINISH_WRITE_CERTIFICATE_VERIFY, 31
304, SEED_LT_SERVER_START_SERVER_FINISHED, 31
305, SEED_LT_SERVER_CONSTRUCT_SERVER_FINISHED, 31
306, SEED_LT_SERVER_BEFORE_SEND_SERVER_FINISHED, 31
307, SEED_LT_SERVER_AFTER_SEND_SERVER_FINISHED, 31
308, SEED_LT_SERVER_BEFORE_POST_SERVER_FINISHED, 31
309, SEED_LT_SERVER_FINISH_SERVER_FINISHED, 31
358, SEED_LT_SERVER_START_WRITE_CHANGE_CIPHER_SPEC, 30
359, SEED_LT_SERVER_CONSTRUCT_WRITE_CHANGE_CIPHER_SPEC, 30
360, SEED_LT_SERVER_BEFORE_SEND_WRITE_CHANGE_CIPHER_SPEC, 30
361, SEED_LT_SERVER_AFTER_SEND_WRITE_CHANGE_CIPHER_SPEC, 30
362, SEED_LT_SERVER_BEFORE_POST_WRITE_CHANGE_CIPHER_SPEC, 30
363, SEED_LT_SERVER_FINISH_WRITE_CHANGE_CIPHER_SPEC, 30
