0, SEED_LT_TMP, 1588051522784
205, SEED_LT_SERVER_AFTER_TLS_ACCEPT, 1588051522894
214, SEED_LT_SERVER_START_CLIENT_HELLO, 1588051522783
215, SEED_LT_SERVER_RECV_CLIENT_HELLO, 1588051522783
216, SEED_LT_SERVER_BEFORE_PROCESS_CLIENT_HELLO, 1588051522783
217, SEED_LT_SERVER_AFTER_PROCESS_CLIENT_HELLO, 1588051522783
218, SEED_LT_SERVER_BEFORE_POST_CLIENT_HELLO, 1588051522783
219, SEED_LT_SERVER_FINISH_CLIENT_HELLO, 1588051522783
220, SEED_LT_SERVER_START_SERVER_HELLO, 1588051522783
221, SEED_LT_SERVER_CONSTRUCT_SERVER_HELLO, 1588051522784
222, SEED_LT_SERVER_BEFORE_SEND_SERVER_HELLO, 1588051522784
223, SEED_LT_SERVER_AFTER_SEND_SERVER_HELLO, 1588051522784
224, SEED_LT_SERVER_BEFORE_POST_SERVER_HELLO, 1588051522784
225, SEED_LT_SERVER_FINISH_SERVER_HELLO, 1588051522784
244, SEED_LT_SERVER_START_ENCRYPTED_EXTENSIONS, 1588051522784
245, SEED_LT_SERVER_CONSTRUCT_ENCRYPTED_EXTENSIONS, 1588051522784
246, SEED_LT_SERVER_BEFORE_SEND_ENCRYPTED_EXTENSIONS, 1588051522784
247, SEED_LT_SERVER_AFTER_SEND_ENCRYPTED_EXTENSIONS, 1588051522784
248, SEED_LT_SERVER_BEFORE_POST_ENCRYPTED_EXTENSIONS, 1588051522784
249, SEED_LT_SERVER_FINISH_ENCRYPTED_EXTENSIONS, 1588051522784
256, SEED_LT_SERVER_START_WRITE_CERTIFICATE, 1588051522784
257, SEED_LT_SERVER_CONSTRUCT_WRITE_CERTIFICATE, 1588051522784
258, SEED_LT_SERVER_BEFORE_SEND_WRITE_CERTIFICATE, 1588051522784
259, SEED_LT_SERVER_AFTER_SEND_WRITE_CERTIFICATE, 1588051522784
260, SEED_LT_SERVER_BEFORE_POST_WRITE_CERTIFICATE, 1588051522784
261, SEED_LT_SERVER_FINISH_WRITE_CERTIFICATE, 1588051522784
286, SEED_LT_SERVER_START_WRITE_CERTIFICATE_VERIFY, 1588051522784
287, SEED_LT_SERVER_CONSTRUCT_WRITE_CERTIFICATE_VERIFY, 1588051522784
288, SEED_LT_SERVER_BEFORE_SEND_WRITE_CERTIFICATE_VERIFY, 1588051522784
289, SEED_LT_SERVER_AFTER_SEND_WRITE_CERTIFICATE_VERIFY, 1588051522784
290, SEED_LT_SERVER_BEFORE_POST_WRITE_CERTIFICATE_VERIFY, 1588051522784
291, SEED_LT_SERVER_FINISH_WRITE_CERTIFICATE_VERIFY, 1588051522784
304, SEED_LT_SERVER_START_SERVER_FINISHED, 1588051522784
305, SEED_LT_SERVER_CONSTRUCT_SERVER_FINISHED, 1588051522784
306, SEED_LT_SERVER_BEFORE_SEND_SERVER_FINISHED, 1588051522784
307, SEED_LT_SERVER_AFTER_SEND_SERVER_FINISHED, 1588051522784
308, SEED_LT_SERVER_BEFORE_POST_SERVER_FINISHED, 1588051522784
309, SEED_LT_SERVER_FINISH_SERVER_FINISHED, 1588051522784
358, SEED_LT_SERVER_START_WRITE_CHANGE_CIPHER_SPEC, 1588051522784
359, SEED_LT_SERVER_CONSTRUCT_WRITE_CHANGE_CIPHER_SPEC, 1588051522784
360, SEED_LT_SERVER_BEFORE_SEND_WRITE_CHANGE_CIPHER_SPEC, 1588051522784
361, SEED_LT_SERVER_AFTER_SEND_WRITE_CHANGE_CIPHER_SPEC, 1588051522784
362, SEED_LT_SERVER_BEFORE_POST_WRITE_CHANGE_CIPHER_SPEC, 1588051522784
363, SEED_LT_SERVER_FINISH_WRITE_CHANGE_CIPHER_SPEC, 1588051522784
