0, SEED_LT_TMP, 19
204, SEED_LT_SERVER_BEFORE_TLS_ACCEPT, 19
214, SEED_LT_SERVER_START_CLIENT_HELLO, 19
215, SEED_LT_SERVER_RECV_CLIENT_HELLO, 19
216, SEED_LT_SERVER_BEFORE_PROCESS_CLIENT_HELLO, 19
217, SEED_LT_SERVER_AFTER_PROCESS_CLIENT_HELLO, 19
218, SEED_LT_SERVER_BEFORE_POST_CLIENT_HELLO, 19
219, SEED_LT_SERVER_FINISH_CLIENT_HELLO, 19
220, SEED_LT_SERVER_START_SERVER_HELLO, 19
221, SEED_LT_SERVER_CONSTRUCT_SERVER_HELLO, 19
222, SEED_LT_SERVER_BEFORE_SEND_SERVER_HELLO, 19
223, SEED_LT_SERVER_AFTER_SEND_SERVER_HELLO, 19
224, SEED_LT_SERVER_BEFORE_POST_SERVER_HELLO, 19
225, SEED_LT_SERVER_FINISH_SERVER_HELLO, 19
244, SEED_LT_SERVER_START_ENCRYPTED_EXTENSIONS, 19
245, SEED_LT_SERVER_CONSTRUCT_ENCRYPTED_EXTENSIONS, 19
246, SEED_LT_SERVER_BEFORE_SEND_ENCRYPTED_EXTENSIONS, 19
247, SEED_LT_SERVER_AFTER_SEND_ENCRYPTED_EXTENSIONS, 19
248, SEED_LT_SERVER_BEFORE_POST_ENCRYPTED_EXTENSIONS, 19
249, SEED_LT_SERVER_FINISH_ENCRYPTED_EXTENSIONS, 19
256, SEED_LT_SERVER_START_WRITE_CERTIFICATE, 19
257, SEED_LT_SERVER_CONSTRUCT_WRITE_CERTIFICATE, 19
258, SEED_LT_SERVER_BEFORE_SEND_WRITE_CERTIFICATE, 19
259, SEED_LT_SERVER_AFTER_SEND_WRITE_CERTIFICATE, 19
260, SEED_LT_SERVER_BEFORE_POST_WRITE_CERTIFICATE, 19
261, SEED_LT_SERVER_FINISH_WRITE_CERTIFICATE, 19
358, SEED_LT_SERVER_START_WRITE_CHANGE_CIPHER_SPEC, 19
359, SEED_LT_SERVER_CONSTRUCT_WRITE_CHANGE_CIPHER_SPEC, 19
360, SEED_LT_SERVER_BEFORE_SEND_WRITE_CHANGE_CIPHER_SPEC, 19
361, SEED_LT_SERVER_AFTER_SEND_WRITE_CHANGE_CIPHER_SPEC, 19
362, SEED_LT_SERVER_BEFORE_POST_WRITE_CHANGE_CIPHER_SPEC, 19
363, SEED_LT_SERVER_FINISH_WRITE_CHANGE_CIPHER_SPEC, 19
