0, SEED_LT_TMP, 1588293683786
204, SEED_LT_SERVER_BEFORE_TLS_ACCEPT, 1588293683785
214, SEED_LT_SERVER_START_CLIENT_HELLO, 1588293683785
215, SEED_LT_SERVER_RECV_CLIENT_HELLO, 1588293683785
216, SEED_LT_SERVER_BEFORE_PROCESS_CLIENT_HELLO, 1588293683785
217, SEED_LT_SERVER_AFTER_PROCESS_CLIENT_HELLO, 1588293683785
218, SEED_LT_SERVER_BEFORE_POST_CLIENT_HELLO, 1588293683785
219, SEED_LT_SERVER_FINISH_CLIENT_HELLO, 1588293683786
220, SEED_LT_SERVER_START_SERVER_HELLO, 1588293683786
221, SEED_LT_SERVER_CONSTRUCT_SERVER_HELLO, 1588293683786
222, SEED_LT_SERVER_BEFORE_SEND_SERVER_HELLO, 1588293683786
223, SEED_LT_SERVER_AFTER_SEND_SERVER_HELLO, 1588293683786
224, SEED_LT_SERVER_BEFORE_POST_SERVER_HELLO, 1588293683786
225, SEED_LT_SERVER_FINISH_SERVER_HELLO, 1588293683786
244, SEED_LT_SERVER_START_ENCRYPTED_EXTENSIONS, 1588293683786
245, SEED_LT_SERVER_CONSTRUCT_ENCRYPTED_EXTENSIONS, 1588293683786
246, SEED_LT_SERVER_BEFORE_SEND_ENCRYPTED_EXTENSIONS, 1588293683786
247, SEED_LT_SERVER_AFTER_SEND_ENCRYPTED_EXTENSIONS, 1588293683786
248, SEED_LT_SERVER_BEFORE_POST_ENCRYPTED_EXTENSIONS, 1588293683786
249, SEED_LT_SERVER_FINISH_ENCRYPTED_EXTENSIONS, 1588293683786
256, SEED_LT_SERVER_START_WRITE_CERTIFICATE, 1588293683786
257, SEED_LT_SERVER_CONSTRUCT_WRITE_CERTIFICATE, 1588293683786
258, SEED_LT_SERVER_BEFORE_SEND_WRITE_CERTIFICATE, 1588293683786
259, SEED_LT_SERVER_AFTER_SEND_WRITE_CERTIFICATE, 1588293683786
260, SEED_LT_SERVER_BEFORE_POST_WRITE_CERTIFICATE, 1588293683786
261, SEED_LT_SERVER_FINISH_WRITE_CERTIFICATE, 1588293683786
358, SEED_LT_SERVER_START_WRITE_CHANGE_CIPHER_SPEC, 1588293683786
359, SEED_LT_SERVER_CONSTRUCT_WRITE_CHANGE_CIPHER_SPEC, 1588293683786
360, SEED_LT_SERVER_BEFORE_SEND_WRITE_CHANGE_CIPHER_SPEC, 1588293683786
361, SEED_LT_SERVER_AFTER_SEND_WRITE_CHANGE_CIPHER_SPEC, 1588293683786
362, SEED_LT_SERVER_BEFORE_POST_WRITE_CHANGE_CIPHER_SPEC, 1588293683786
363, SEED_LT_SERVER_FINISH_WRITE_CHANGE_CIPHER_SPEC, 1588293683786
