0, SEED_LT_TMP, 99
204, SEED_LT_SERVER_BEFORE_TLS_ACCEPT, 99
205, SEED_LT_SERVER_AFTER_TLS_ACCEPT, 99
214, SEED_LT_SERVER_START_CLIENT_HELLO, 98
215, SEED_LT_SERVER_RECV_CLIENT_HELLO, 98
216, SEED_LT_SERVER_BEFORE_PROCESS_CLIENT_HELLO, 98
217, SEED_LT_SERVER_AFTER_PROCESS_CLIENT_HELLO, 98
218, SEED_LT_SERVER_BEFORE_POST_CLIENT_HELLO, 98
219, SEED_LT_SERVER_FINISH_CLIENT_HELLO, 98
220, SEED_LT_SERVER_START_SERVER_HELLO, 98
221, SEED_LT_SERVER_CONSTRUCT_SERVER_HELLO, 99
222, SEED_LT_SERVER_BEFORE_SEND_SERVER_HELLO, 99
223, SEED_LT_SERVER_AFTER_SEND_SERVER_HELLO, 99
224, SEED_LT_SERVER_BEFORE_POST_SERVER_HELLO, 99
225, SEED_LT_SERVER_FINISH_SERVER_HELLO, 99
232, SEED_LT_SERVER_START_WRITE_NEWSESSION_TICKET, 99
233, SEED_LT_SERVER_CONSTRUCT_WRITE_NEWSESSION_TICKET, 99
234, SEED_LT_SERVER_BEFORE_SEND_WRITE_NEWSESSION_TICKET, 99
235, SEED_LT_SERVER_AFTER_SEND_WRITE_NEWSESSION_TICKET, 99
236, SEED_LT_SERVER_BEFORE_POST_WRITE_NEWSESSION_TICKET, 99
237, SEED_LT_SERVER_FINISH_WRITE_NEWSESSION_TICKET, 99
244, SEED_LT_SERVER_START_ENCRYPTED_EXTENSIONS, 99
245, SEED_LT_SERVER_CONSTRUCT_ENCRYPTED_EXTENSIONS, 99
246, SEED_LT_SERVER_BEFORE_SEND_ENCRYPTED_EXTENSIONS, 99
247, SEED_LT_SERVER_AFTER_SEND_ENCRYPTED_EXTENSIONS, 99
248, SEED_LT_SERVER_BEFORE_POST_ENCRYPTED_EXTENSIONS, 99
249, SEED_LT_SERVER_FINISH_ENCRYPTED_EXTENSIONS, 99
256, SEED_LT_SERVER_START_WRITE_CERTIFICATE, 99
257, SEED_LT_SERVER_CONSTRUCT_WRITE_CERTIFICATE, 99
258, SEED_LT_SERVER_BEFORE_SEND_WRITE_CERTIFICATE, 99
259, SEED_LT_SERVER_AFTER_SEND_WRITE_CERTIFICATE, 99
260, SEED_LT_SERVER_BEFORE_POST_WRITE_CERTIFICATE, 99
261, SEED_LT_SERVER_FINISH_WRITE_CERTIFICATE, 99
286, SEED_LT_SERVER_START_WRITE_CERTIFICATE_VERIFY, 99
287, SEED_LT_SERVER_CONSTRUCT_WRITE_CERTIFICATE_VERIFY, 99
288, SEED_LT_SERVER_BEFORE_SEND_WRITE_CERTIFICATE_VERIFY, 99
289, SEED_LT_SERVER_AFTER_SEND_WRITE_CERTIFICATE_VERIFY, 99
290, SEED_LT_SERVER_BEFORE_POST_WRITE_CERTIFICATE_VERIFY, 99
291, SEED_LT_SERVER_FINISH_WRITE_CERTIFICATE_VERIFY, 99
298, SEED_LT_SERVER_START_CLIENT_FINISHED, 99
299, SEED_LT_SERVER_RECV_CLIENT_FINISHED, 99
300, SEED_LT_SERVER_BEFORE_PROCESS_CLIENT_FINISHED, 99
301, SEED_LT_SERVER_AFTER_PROCESS_CLIENT_FINISHED, 99
304, SEED_LT_SERVER_START_SERVER_FINISHED, 99
305, SEED_LT_SERVER_CONSTRUCT_SERVER_FINISHED, 99
306, SEED_LT_SERVER_BEFORE_SEND_SERVER_FINISHED, 99
307, SEED_LT_SERVER_AFTER_SEND_SERVER_FINISHED, 99
308, SEED_LT_SERVER_BEFORE_POST_SERVER_FINISHED, 99
309, SEED_LT_SERVER_FINISH_SERVER_FINISHED, 99
358, SEED_LT_SERVER_START_WRITE_CHANGE_CIPHER_SPEC, 99
359, SEED_LT_SERVER_CONSTRUCT_WRITE_CHANGE_CIPHER_SPEC, 99
360, SEED_LT_SERVER_BEFORE_SEND_WRITE_CHANGE_CIPHER_SPEC, 99
361, SEED_LT_SERVER_AFTER_SEND_WRITE_CHANGE_CIPHER_SPEC, 99
362, SEED_LT_SERVER_BEFORE_POST_WRITE_CHANGE_CIPHER_SPEC, 99
363, SEED_LT_SERVER_FINISH_WRITE_CHANGE_CIPHER_SPEC, 99
374, SEED_LT_SERVER_ERR, 99
