0, SEED_LT_TMP, 1588145227122
204, SEED_LT_SERVER_BEFORE_TLS_ACCEPT, 1588145227122
205, SEED_LT_SERVER_AFTER_TLS_ACCEPT, 1588145227122
214, SEED_LT_SERVER_START_CLIENT_HELLO, 1588145227121
215, SEED_LT_SERVER_RECV_CLIENT_HELLO, 1588145227121
216, SEED_LT_SERVER_BEFORE_PROCESS_CLIENT_HELLO, 1588145227121
217, SEED_LT_SERVER_AFTER_PROCESS_CLIENT_HELLO, 1588145227121
218, SEED_LT_SERVER_BEFORE_POST_CLIENT_HELLO, 1588145227121
219, SEED_LT_SERVER_FINISH_CLIENT_HELLO, 1588145227121
220, SEED_LT_SERVER_START_SERVER_HELLO, 1588145227121
221, SEED_LT_SERVER_CONSTRUCT_SERVER_HELLO, 1588145227121
222, SEED_LT_SERVER_BEFORE_SEND_SERVER_HELLO, 1588145227121
223, SEED_LT_SERVER_AFTER_SEND_SERVER_HELLO, 1588145227121
224, SEED_LT_SERVER_BEFORE_POST_SERVER_HELLO, 1588145227121
225, SEED_LT_SERVER_FINISH_SERVER_HELLO, 1588145227121
232, SEED_LT_SERVER_START_WRITE_NEWSESSION_TICKET, 1588145227122
233, SEED_LT_SERVER_CONSTRUCT_WRITE_NEWSESSION_TICKET, 1588145227122
234, SEED_LT_SERVER_BEFORE_SEND_WRITE_NEWSESSION_TICKET, 1588145227122
235, SEED_LT_SERVER_AFTER_SEND_WRITE_NEWSESSION_TICKET, 1588145227122
236, SEED_LT_SERVER_BEFORE_POST_WRITE_NEWSESSION_TICKET, 1588145227122
237, SEED_LT_SERVER_FINISH_WRITE_NEWSESSION_TICKET, 1588145227122
244, SEED_LT_SERVER_START_ENCRYPTED_EXTENSIONS, 1588145227121
245, SEED_LT_SERVER_CONSTRUCT_ENCRYPTED_EXTENSIONS, 1588145227121
246, SEED_LT_SERVER_BEFORE_SEND_ENCRYPTED_EXTENSIONS, 1588145227121
247, SEED_LT_SERVER_AFTER_SEND_ENCRYPTED_EXTENSIONS, 1588145227121
248, SEED_LT_SERVER_BEFORE_POST_ENCRYPTED_EXTENSIONS, 1588145227121
249, SEED_LT_SERVER_FINISH_ENCRYPTED_EXTENSIONS, 1588145227121
256, SEED_LT_SERVER_START_WRITE_CERTIFICATE, 1588145227121
257, SEED_LT_SERVER_CONSTRUCT_WRITE_CERTIFICATE, 1588145227121
258, SEED_LT_SERVER_BEFORE_SEND_WRITE_CERTIFICATE, 1588145227121
259, SEED_LT_SERVER_AFTER_SEND_WRITE_CERTIFICATE, 1588145227121
260, SEED_LT_SERVER_BEFORE_POST_WRITE_CERTIFICATE, 1588145227121
261, SEED_LT_SERVER_FINISH_WRITE_CERTIFICATE, 1588145227121
286, SEED_LT_SERVER_START_WRITE_CERTIFICATE_VERIFY, 1588145227121
287, SEED_LT_SERVER_CONSTRUCT_WRITE_CERTIFICATE_VERIFY, 1588145227121
288, SEED_LT_SERVER_BEFORE_SEND_WRITE_CERTIFICATE_VERIFY, 1588145227121
289, SEED_LT_SERVER_AFTER_SEND_WRITE_CERTIFICATE_VERIFY, 1588145227121
290, SEED_LT_SERVER_BEFORE_POST_WRITE_CERTIFICATE_VERIFY, 1588145227121
291, SEED_LT_SERVER_FINISH_WRITE_CERTIFICATE_VERIFY, 1588145227121
298, SEED_LT_SERVER_START_CLIENT_FINISHED, 1588145227122
299, SEED_LT_SERVER_RECV_CLIENT_FINISHED, 1588145227122
300, SEED_LT_SERVER_BEFORE_PROCESS_CLIENT_FINISHED, 1588145227122
301, SEED_LT_SERVER_AFTER_PROCESS_CLIENT_FINISHED, 1588145227122
304, SEED_LT_SERVER_START_SERVER_FINISHED, 1588145227121
305, SEED_LT_SERVER_CONSTRUCT_SERVER_FINISHED, 1588145227121
306, SEED_LT_SERVER_BEFORE_SEND_SERVER_FINISHED, 1588145227121
307, SEED_LT_SERVER_AFTER_SEND_SERVER_FINISHED, 1588145227121
308, SEED_LT_SERVER_BEFORE_POST_SERVER_FINISHED, 1588145227121
309, SEED_LT_SERVER_FINISH_SERVER_FINISHED, 1588145227121
358, SEED_LT_SERVER_START_WRITE_CHANGE_CIPHER_SPEC, 1588145227121
359, SEED_LT_SERVER_CONSTRUCT_WRITE_CHANGE_CIPHER_SPEC, 1588145227121
360, SEED_LT_SERVER_BEFORE_SEND_WRITE_CHANGE_CIPHER_SPEC, 1588145227121
361, SEED_LT_SERVER_AFTER_SEND_WRITE_CHANGE_CIPHER_SPEC, 1588145227121
362, SEED_LT_SERVER_BEFORE_POST_WRITE_CHANGE_CIPHER_SPEC, 1588145227121
363, SEED_LT_SERVER_FINISH_WRITE_CHANGE_CIPHER_SPEC, 1588145227121
374, SEED_LT_SERVER_ERR, 1588145227122
